{"cameraMode":{"drawMode":0,"name":"Shaded","section":"Shading Mode"},"sceneLighting":true,"audioPlay":false,"sceneViewState":{"m_AlwaysRefresh":false,"showFog":true,"showSkybox":true,"showFlares":true,"showImageEffects":true,"showParticleSystems":true,"showVisualEffectGraphs":true,"m_FxEnabled":true},"in2DMode":false,"pivot":{"x":0.9194274544715881,"y":1.296556830406189,"z":3.9482996463775636},"rotation":{"x":-0.01671464927494526,"y":-0.1056903824210167,"z":0.0017768528778105975,"w":-0.9942594766616821},"size":2.1073949337005617,"orthographic":false}