{"cameraMode":{"drawMode":0,"name":"Shaded","section":"Shading Mode"},"sceneLighting":true,"audioPlay":false,"sceneViewState":{"m_AlwaysRefresh":false,"showFog":true,"showSkybox":true,"showFlares":true,"showImageEffects":true,"showParticleSystems":true,"showVisualEffectGraphs":true,"m_FxEnabled":true},"in2DMode":false,"pivot":{"x":-0.5927202105522156,"y":1.2566367387771607,"z":1.249732255935669},"rotation":{"x":-0.12597858905792237,"y":0.0005862440448254347,"z":-0.00013215685612522066,"w":-0.9920669198036194},"size":2.215432643890381,"orthographic":false}